{
  "project_info": {
    "project_number": "77082782824",
    "project_id": "smartpethome2025",
    "storage_bucket": "smartpethome2025.firebasestorage.app"
  },
  "client": [
    {
      "client_info": {
        "mobilesdk_app_id": "1:77082782824:android:40017432d3207931831fdd",
        "android_client_info": {
          "package_name": "pt.smartpethome.app"
        }
      },
      "oauth_client": [],
      "api_key": [
        {
          "current_key": "AIzaSyDsrsu90bKkfmzT7ECVZ42dR_fFd4bQ6Ko"
        }
      ],
      "services": {
        "appinvite_service": {
          "other_platform_oauth_client": []
        }
      }
    }
  ],
  "configuration_version": "1"
}